-- PostgreSQL clean database dump
SET statement_timeout = 0;
SET lock_timeout = 0;
SET idle_in_transaction_session_timeout = 0;
-- SET transaction_timeout = 0;
SET client_encoding = 'UTF8';
SET standard_conforming_strings = on;
SELECT pg_catalog.set_config('search_path', '', false);
SET check_function_bodies = false;
SET xmloption = content;
SET client_min_messages = warning;
SET row_security = off;

SET default_tablespace = '';
SET default_table_access_method = heap;

--
-- Name: activity_log; Type: TABLE; Schema: public; Owner: postgres
--

CREATE TABLE public.activity_log (
    id bigint NOT NULL,
    completed_at timestamp(6) without time zone,
    duration_seconds integer,
    status character varying(255),
    user_id bigint,
    workout_id bigint,
    feedback character varying(255)
);

-- ALTER TABLE public.activity_log OWNER TO postgres;

--
-- Name: activity_log_id_seq; Type: SEQUENCE; Schema: public; Owner: postgres
--

ALTER TABLE public.activity_log ALTER COLUMN id ADD GENERATED BY DEFAULT AS IDENTITY (
    SEQUENCE NAME public.activity_log_id_seq
    START WITH 1
    INCREMENT BY 1
    NO MINVALUE
    NO MAXVALUE
    CACHE 1
);

--
-- Name: feedback; Type: TABLE; Schema: public; Owner: postgres
--

CREATE TABLE public.feedback (
    id bigint NOT NULL,
    comment character varying(500),
    created_at timestamp(6) without time zone,
    rating integer,
    user_id bigint,
    workout_id bigint,
    activity_log_id bigint,
    difficulty character varying(255),
    liked boolean,
    CONSTRAINT feedback_difficulty_check CHECK (((difficulty)::text = ANY ((ARRAY['TOO_EASY'::character varying, 'JUST_RIGHT'::character varying, 'TOO_HARD'::character varying])::text[])))
);

-- ALTER TABLE public.feedback OWNER TO postgres;

--
-- Name: feedback_id_seq; Type: SEQUENCE; Schema: public; Owner: postgres
--

ALTER TABLE public.feedback ALTER COLUMN id ADD GENERATED BY DEFAULT AS IDENTITY (
    SEQUENCE NAME public.feedback_id_seq
    START WITH 1
    INCREMENT BY 1
    NO MINVALUE
    NO MAXVALUE
    CACHE 1
);

--
-- Name: flyway_schema_history; Type: TABLE; Schema: public; Owner: postgres
--

CREATE TABLE public.flyway_schema_history (
    installed_rank integer NOT NULL,
    version character varying(50),
    description character varying(200) NOT NULL,
    type character varying(20) NOT NULL,
    script character varying(1000) NOT NULL,
    checksum integer,
    installed_by character varying(100) NOT NULL,
    installed_on timestamp without time zone DEFAULT now() NOT NULL,
    execution_time integer NOT NULL,
    success boolean NOT NULL
);

-- ALTER TABLE public.flyway_schema_history OWNER TO postgres;

--
-- Name: greeting_message; Type: TABLE; Schema: public; Owner: postgres
--

CREATE TABLE public.greeting_message (
    id bigint NOT NULL,
    message character varying(255) NOT NULL
);

-- ALTER TABLE public.greeting_message OWNER TO postgres;

--
-- Name: greeting_message_id_seq; Type: SEQUENCE; Schema: public; Owner: postgres
--

ALTER TABLE public.greeting_message ALTER COLUMN id ADD GENERATED BY DEFAULT AS IDENTITY (
    SEQUENCE NAME public.greeting_message_id_seq
    START WITH 1
    INCREMENT BY 1
    NO MINVALUE
    NO MAXVALUE
    CACHE 1
);

--
-- Name: trainers; Type: TABLE; Schema: public; Owner: postgres
--

CREATE TABLE public.trainers (
    id bigint NOT NULL,
    intro character varying(255),
    language character varying(255),
    name character varying(255),
    prompt character varying(255),
    voice character varying(255),
    image_select character varying(255),
    image_call character varying(255),
    image_start character varying(255),
    ambience character varying(255)
);

-- ALTER TABLE public.trainers OWNER TO postgres;

--
-- Name: trainers_id_seq; Type: SEQUENCE; Schema: public; Owner: postgres
--

ALTER TABLE public.trainers ALTER COLUMN id ADD GENERATED BY DEFAULT AS IDENTITY (
    SEQUENCE NAME public.trainers_id_seq
    START WITH 1
    INCREMENT BY 1
    NO MINVALUE
    NO MAXVALUE
    CACHE 1
);

--
-- Name: user_workout_preferences; Type: TABLE; Schema: public; Owner: postgres
--

CREATE TABLE public.user_workout_preferences (
    id bigint NOT NULL,
    created_at timestamp(6) without time zone,
    preference_type character varying(255),
    user_id bigint,
    workout_id bigint,
    CONSTRAINT user_workout_preferences_preference_type_check CHECK (((preference_type)::text = ANY ((ARRAY['DISLIKED'::character varying, 'FAVORITE'::character varying])::text[])))
);

-- ALTER TABLE public.user_workout_preferences OWNER TO postgres;

--
-- Name: user_workout_preferences_id_seq; Type: SEQUENCE; Schema: public; Owner: postgres
--

ALTER TABLE public.user_workout_preferences ALTER COLUMN id ADD GENERATED BY DEFAULT AS IDENTITY (
    SEQUENCE NAME public.user_workout_preferences_id_seq
    START WITH 1
    INCREMENT BY 1
    NO MINVALUE
    NO MAXVALUE
    CACHE 1
);

--
-- Name: users; Type: TABLE; Schema: public; Owner: postgres
--

CREATE TABLE public.users (
    id bigint NOT NULL,
    clerk_id character varying(255) NOT NULL,
    context character varying(255),
    intensity_level integer,
    name character varying(255),
    role character varying(255),
    trainer_id bigint DEFAULT 1
);

-- ALTER TABLE public.users OWNER TO postgres;

--
-- Name: users_id_seq; Type: SEQUENCE; Schema: public; Owner: postgres
--

ALTER TABLE public.users ALTER COLUMN id ADD GENERATED BY DEFAULT AS IDENTITY (
    SEQUENCE NAME public.users_id_seq
    START WITH 1
    INCREMENT BY 1
    NO MINVALUE
    NO MAXVALUE
    CACHE 1
);

--
-- Name: workouts; Type: TABLE; Schema: public; Owner: postgres
--

CREATE TABLE public.workouts (
    id bigint CONSTRAINT workout_id_not_null NOT NULL,
    description character varying(255),
    instructions_audio character varying(255),
    instructions_image character varying(255),
    name character varying(255),
    workout_audio character varying(255),
    workout_image character varying(255),
    workout_video character varying(255),
    duration_seconds integer,
    level integer,
    type character varying(255),
    beginner_friendly boolean,
    knee_friendly boolean,
    low_impact boolean,
    seated boolean,
    duration_minutes integer,
    instructions character varying(255),
    trainer_id bigint,
    instructions_video character varying(255),
    instructions_video_start integer,
    instructions_video_stop integer,
    enabled boolean DEFAULT true NOT NULL,
    dashboard_name character varying(255),
    dashboard_description text,
    subtitle_text text,
    instructions_subtitle_text text
);

-- ALTER TABLE public.workouts OWNER TO postgres;

--
-- Name: workout_id_seq; Type: SEQUENCE; Schema: public; Owner: postgres
--

ALTER TABLE public.workouts ALTER COLUMN id ADD GENERATED BY DEFAULT AS IDENTITY (
    SEQUENCE NAME public.workout_id_seq
    START WITH 1
    INCREMENT BY 1
    NO MINVALUE
    NO MAXVALUE
    CACHE 1
);

--
-- Data for Name: activity_log; Type: TABLE DATA; Schema: public; Owner: postgres
--
-- Clean Insert statements for activity_log data
INSERT INTO public.activity_log (id, completed_at, duration_seconds, status, user_id, workout_id, feedback) VALUES
(1, NULL, NULL, 'STARTED', 1, 1, NULL),
(2, NULL, NULL, 'STARTED', 1, 1, NULL),
(3, NULL, NULL, 'STARTED', 1, 1, NULL),
(4, NULL, NULL, 'STARTED', 1, 1, NULL),
(5, NULL, NULL, 'STARTED', 1, 1, NULL),
(6, '2026-05-06 13:50:16.847654', 180, 'COMPLETED', 1, 1, NULL),
(7, '2026-05-06 13:58:20.357736', 180, 'COMPLETED', 1, 1, NULL),
(8, '2026-05-06 14:07:03.117069', 180, 'COMPLETED', 1, 1, NULL),
(9, '2026-05-11 14:51:59.434489', NULL, 'STARTED', 1, 1, NULL),
(10, '2026-05-11 14:53:38.964579', NULL, 'COMPLETED', 1, 1, NULL),
(11, '2026-05-11 13:11:26.420475', NULL, 'COMPLETED', 1, 1, NULL),
(12, '2026-05-11 13:19:24.889763', NULL, 'COMPLETED', 1, 4, NULL),
(13, '2026-05-11 13:42:29.610455', NULL, 'COMPLETED', 1, 1, NULL),
(14, '2026-05-11 13:42:32.251077', NULL, 'COMPLETED', 1, 1, NULL),
(15, '2026-05-11 14:03:52.771087', NULL, 'COMPLETED', 1, 1, NULL),
(16, '2026-05-11 14:04:15.523074', NULL, 'COMPLETED', 1, 1, NULL),
(17, '2026-05-11 14:32:12.253469', NULL, 'COMPLETED', 1, 1, NULL),
(18, '2026-05-11 14:32:14.646182', NULL, 'COMPLETED', 1, 1, NULL),
(19, '2026-05-11 14:34:13.493369', NULL, 'COMPLETED', 1, 1, NULL),
(20, '2026-05-11 14:34:16.522708', NULL, 'COMPLETED', 1, 1, NULL),
(21, '2026-05-11 14:34:18.297917', NULL, 'COMPLETED', 1, 1, NULL),
(22, '2026-05-11 15:17:41.469044', NULL, 'COMPLETED', 1, 1, NULL),
(23, '2026-05-11 15:17:43.773749', NULL, 'COMPLETED', 1, 1, NULL),
(24, '2026-05-11 15:54:25.040819', NULL, 'COMPLETED', 1, 1, NULL),
(25, '2026-05-12 13:15:20.899324', NULL, 'COMPLETED', 1, 1, NULL),
(26, '2026-05-12 23:10:59.880652', NULL, 'COMPLETED', 1, 1, NULL),
(27, '2026-05-12 23:11:03.191521', NULL, 'COMPLETED', 1, 1, NULL),
(28, '2026-05-13 08:28:15.818087', NULL, 'COMPLETED', 1, 1, NULL),
(29, '2026-05-13 08:28:19.331196', NULL, 'COMPLETED', 1, 1, NULL),
(30, '2026-05-13 08:28:34.427179', NULL, 'COMPLETED', 1, 1, NULL),
(31, '2026-05-13 09:24:58.485205', NULL, 'COMPLETED', 1, 1, NULL),
(32, '2026-05-13 09:25:00.763568', NULL, 'COMPLETED', 1, 1, NULL),
(33, '2026-05-13 10:06:00.704133', NULL, 'COMPLETED', 1, 1, NULL),
(34, '2026-05-13 10:06:02.916096', NULL, 'COMPLETED', 1, 1, NULL),
(35, '2026-05-13 11:48:25.090038', NULL, 'COMPLETED', 1, 1, NULL),
(36, '2026-05-13 11:55:52.220028', NULL, 'COMPLETED', 1, 1, NULL),
(37, '2026-05-13 11:55:58.079274', NULL, 'COMPLETED', 1, 1, NULL),
(38, '2026-05-13 14:01:50.06926', NULL, 'COMPLETED', 1, 1, NULL),
(39, '2026-05-13 14:01:52.163489', NULL, 'COMPLETED', 1, 1, NULL),
(40, '2026-05-13 15:45:59.723895', NULL, 'COMPLETED', 1, 1, NULL),
(41, '2026-05-13 15:46:02.408281', NULL, 'COMPLETED', 1, 1, NULL),
(42, '2026-05-13 16:11:18.511986', NULL, 'COMPLETED', 1, 1, NULL),
(43, '2026-05-13 16:19:02.629435', NULL, 'COMPLETED', 1, 1, NULL),
(44, '2026-05-13 16:19:04.713476', NULL, 'COMPLETED', 1, 1, NULL),
(45, '2026-05-13 16:22:54.763977', NULL, 'COMPLETED', 1, 1, NULL),
(46, '2026-05-13 16:23:02.293855', NULL, 'COMPLETED', 6, 17, NULL),
(47, '2026-05-13 16:23:46.281133', NULL, 'COMPLETED', 1, 1, NULL),
(48, '2026-05-13 16:51:04.790214', NULL, 'COMPLETED', 6, 17, NULL),
(49, '2026-05-13 16:51:14.150421', NULL, 'COMPLETED', 1, 1, NULL),
(50, '2026-05-13 16:55:48.119457', NULL, 'COMPLETED', 6, 17, NULL),
(51, '2026-05-13 16:55:50.439454', NULL, 'COMPLETED', 1, 1, NULL),
(52, '2026-05-13 17:09:33.425082', NULL, 'COMPLETED', 6, 17, NULL),
(53, '2026-05-13 17:09:35.951777', NULL, 'COMPLETED', 1, 1, NULL),
(54, '2026-05-13 17:54:30.240701', NULL, 'COMPLETED', 6, 1, NULL),
(55, '2026-05-13 17:54:32.637628', NULL, 'COMPLETED', 1, 1, NULL),
(56, '2026-05-13 18:31:33.130426', NULL, 'COMPLETED', 6, 1, NULL),
(57, '2026-05-13 18:31:34.59889', NULL, 'COMPLETED', 1, 1, NULL),
(58, '2026-05-13 18:33:33.392426', NULL, 'COMPLETED', 6, 1, NULL),
(59, '2026-05-13 18:33:34.710964', NULL, 'COMPLETED', 1, 1, NULL),
(60, '2026-05-13 18:43:32.874181', NULL, 'COMPLETED', 6, 1, NULL),
(61, '2026-05-13 18:43:34.255463', NULL, 'COMPLETED', 1, 1, NULL),
(62, '2026-05-13 19:18:35.959848', NULL, 'COMPLETED', 6, 1, NULL),
(63, '2026-05-13 19:29:07.496162', NULL, 'COMPLETED', 6, 1, NULL),
(64, '2026-05-13 19:30:48.840251', NULL, 'COMPLETED', 6, 1, NULL),
(65, '2026-05-13 19:30:55.590943', NULL, 'COMPLETED', 2, 1, NULL),
(66, '2026-05-13 19:37:39.828843', NULL, 'COMPLETED', 6, 1, NULL),
(67, '2026-05-13 19:57:33.856984', NULL, 'COMPLETED', 6, 1, NULL),
(68, '2026-05-13 20:20:55.433829', NULL, 'COMPLETED', 6, 1, NULL),
(69, '2026-05-13 20:21:09.211263', NULL, 'COMPLETED', 2, 1, NULL),
(70, '2026-05-13 20:30:08.692069', NULL, 'COMPLETED', 6, 1, NULL),
(71, '2026-05-13 20:30:21.05545', NULL, 'COMPLETED', 2, 1, NULL),
(72, '2026-05-13 20:33:40.919261', NULL, 'COMPLETED', 6, 1, NULL),
(73, '2026-05-13 20:42:59.694501', NULL, 'COMPLETED', 6, 1, NULL),
(74, '2026-05-13 20:47:16.112889', NULL, 'COMPLETED', 6, 1, NULL),
(75, '2026-05-13 20:48:07.525384', NULL, 'COMPLETED', 6, 1, NULL),
(76, '2026-05-13 20:58:07.852506', NULL, 'COMPLETED', 6, 1, NULL),
(77, '2026-05-13 21:03:57.407895', NULL, 'COMPLETED', 6, 1, NULL),
(78, '2026-05-13 21:07:15.523536', NULL, 'COMPLETED', 6, 1, NULL),
(79, '2026-05-13 21:10:59.913246', NULL, 'COMPLETED', 6, 1, NULL),
(80, '2026-05-13 21:14:18.047311', NULL, 'COMPLETED', 6, 1, NULL),
(81, '2026-05-13 21:18:03.903653', NULL, 'COMPLETED', 6, 1, NULL),
(82, '2026-05-13 21:20:38.427214', NULL, 'COMPLETED', 6, 1, NULL),
(83, '2026-05-13 21:26:33.843262', NULL, 'COMPLETED', 6, 1, NULL),
(84, '2026-05-13 21:32:30.660312', NULL, 'COMPLETED', 6, 1, NULL),
(85, '2026-05-13 21:38:51.581417', NULL, 'COMPLETED', 6, 1, NULL),
(86, '2026-05-13 21:40:11.655963', NULL, 'COMPLETED', 6, 1, NULL),
(87, '2026-05-13 21:48:04.618794', NULL, 'COMPLETED', 6, 1, NULL),
(88, '2026-05-13 21:49:29.85575', NULL, 'COMPLETED', 6, 1, NULL),
(89, '2026-05-13 22:01:15.803036', NULL, 'COMPLETED', 6, 1, NULL),
(90, '2026-05-13 22:08:24.632857', NULL, 'COMPLETED', 6, 1, NULL),
(91, '2026-05-13 22:09:35.132584', NULL, 'COMPLETED', 6, 1, NULL),
(92, '2026-05-13 22:10:50.472275', NULL, 'COMPLETED', 6, 1, NULL),
(93, '2026-05-13 22:21:53.917519', NULL, 'COMPLETED', 6, 1, NULL),
(94, '2026-05-13 22:54:37.342618', NULL, 'COMPLETED', 6, 1, NULL),
(95, '2026-05-13 23:16:15.63391', NULL, 'COMPLETED', 6, 1, NULL),
(96, '2026-05-13 23:19:04.58617', NULL, 'COMPLETED', 6, 1, NULL),
(97, '2026-05-14 10:58:48.976922', NULL, 'COMPLETED', 6, 1, NULL),
(98, '2026-05-14 11:10:25.27251', NULL, 'COMPLETED', 6, 1, NULL),
(99, '2026-05-14 11:46:10.982214', NULL, 'COMPLETED', 6, 1, NULL),
(100, '2026-05-14 12:08:21.134316', NULL, 'COMPLETED', 6, 1, NULL),
(101, '2026-05-14 12:11:57.740286', NULL, 'COMPLETED', 6, 1, NULL),
(102, '2026-05-14 12:13:16.640946', NULL, 'COMPLETED', 6, 1, NULL),
(103, '2026-05-14 12:24:54.319521', NULL, 'COMPLETED', 6, 1, NULL),
(104, '2026-05-14 18:05:36.827803', NULL, 'COMPLETED', 4, 1, NULL),
(105, '2026-05-14 18:08:35.64815', NULL, 'COMPLETED', 4, 1, NULL),
(106, '2026-05-14 16:42:03.578749', NULL, 'COMPLETED', 6, 1, NULL),
(107, '2026-05-14 17:06:42.465351', NULL, 'COMPLETED', 6, 1, NULL),
(108, '2026-05-14 17:11:56.587224', NULL, 'COMPLETED', 6, 1, NULL),
(109, '2026-05-14 17:22:09.169037', NULL, 'COMPLETED', 6, 1, NULL),
(110, '2026-05-14 17:52:02.814459', NULL, 'COMPLETED', 6, 1, NULL),
(111, '2026-05-14 18:05:10.043035', NULL, 'COMPLETED', 6, 1, NULL),
(112, '2026-05-14 18:13:59.015917', NULL, 'COMPLETED', 6, 1, NULL),
(113, '2026-05-14 18:26:52.514767', NULL, 'COMPLETED', 6, 1, NULL),
(114, '2026-05-14 18:30:21.76878', NULL, 'COMPLETED', 6, 1, NULL),
(115, '2026-05-14 18:48:30.455318', NULL, 'COMPLETED', 6, 1, NULL),
(116, '2026-05-14 18:53:06.786971', NULL, 'COMPLETED', 6, 1, NULL),
(117, '2026-05-14 19:04:37.354118', NULL, 'COMPLETED', 6, 1, NULL),
(118, '2026-05-14 19:17:50.351392', NULL, 'COMPLETED', 6, 1, NULL),
(119, '2026-05-14 19:20:39.919071', NULL, 'COMPLETED', 6, 1, NULL),
(120, '2026-05-14 19:40:58.749248', NULL, 'COMPLETED', 6, 1, NULL),
(121, '2026-05-14 19:47:25.73524', NULL, 'COMPLETED', 6, 1, NULL),
(122, '2026-05-14 20:01:54.821816', NULL, 'COMPLETED', 6, 1, NULL),
(123, '2026-05-14 20:03:22.807779', NULL, 'COMPLETED', 6, 1, NULL),
(124, '2026-05-14 21:41:22.577625', NULL, 'COMPLETED', 6, 1, NULL),
(125, '2026-05-14 21:43:07.402445', NULL, 'COMPLETED', 6, 1, NULL),
(126, '2026-05-14 22:14:48.774948', NULL, 'COMPLETED', 8, 17, NULL),
(127, '2026-05-14 22:28:03.054415', NULL, 'COMPLETED', 8, 17, NULL),
(128, '2026-05-14 22:36:37.115538', NULL, 'COMPLETED', 6, 17, NULL),
(129, '2026-05-14 22:50:44.123229', NULL, 'COMPLETED', 6, 17, NULL),
(130, '2026-05-14 23:01:24.612822', NULL, 'COMPLETED', 6, 1, NULL),
(131, '2026-05-14 23:03:23.016521', NULL, 'COMPLETED', 8, 1, NULL),
(132, '2026-05-14 23:25:20.596629', NULL, 'COMPLETED', 6, 1, NULL),
(133, '2026-05-15 08:00:43.918541', NULL, 'COMPLETED', 1, 1, NULL),
(134, '2026-05-15 13:21:42.652862', NULL, 'COMPLETED', 1, 1, NULL),
(135, '2026-05-15 14:49:03.530242', NULL, 'COMPLETED', 1, 1, NULL),
(136, '2026-05-15 14:51:05.75362', NULL, 'COMPLETED', 1, 1, NULL),
(137, '2026-05-15 15:07:09.648951', NULL, 'COMPLETED', 3, 1, NULL),
(138, '2026-05-15 16:04:59.873433', NULL, 'COMPLETED', 3, 16, NULL),
(139, '2026-05-15 20:55:31.537222', NULL, 'COMPLETED', 1, 1, NULL),
(140, '2026-05-15 22:32:40.688769', NULL, 'COMPLETED', 8, 1, NULL),
(141, '2026-05-16 09:08:18.48764', NULL, 'COMPLETED', 8, 1, NULL),
(142, '2026-05-16 09:35:21.338943', NULL, 'COMPLETED', 11, 17, NULL),
(143, '2026-05-16 09:38:12.757088', NULL, 'COMPLETED', 11, 17, NULL),
(144, '2026-05-16 17:37:17.55756', NULL, 'COMPLETED', 6, 17, NULL),
(145, '2026-05-16 17:46:23.183534', NULL, 'COMPLETED', 6, 17, NULL),
(146, '2026-05-16 17:48:33.299432', NULL, 'COMPLETED', 6, 1, NULL),
(147, '2026-05-16 17:54:29.22994', NULL, 'COMPLETED', 6, 1, NULL),
(148, '2026-05-16 18:00:52.060431', NULL, 'COMPLETED', 6, 1, NULL),
(149, '2026-05-16 18:04:06.067221', NULL, 'COMPLETED', 6, 1, NULL),
(150, '2026-05-16 18:08:16.076254', NULL, 'COMPLETED', 6, 1, NULL),
(151, '2026-05-16 18:27:03.251916', NULL, 'COMPLETED', 6, 1, NULL),
(152, '2026-05-16 20:36:10.57952', NULL, 'COMPLETED', 6, 1, NULL),
(153, '2026-05-16 20:45:18.628949', NULL, 'COMPLETED', 6, 1, NULL),
(154, '2026-05-16 20:52:14.070461', NULL, 'COMPLETED', 6, 1, NULL),
(155, '2026-05-16 20:56:20.425212', NULL, 'COMPLETED', 6, 1, NULL),
(156, '2026-05-17 09:28:30.361914', NULL, 'COMPLETED', 1, 1, NULL),
(157, '2026-05-17 09:32:03.484481', NULL, 'COMPLETED', 4, 1, NULL),
(158, '2026-05-17 09:37:46.757502', NULL, 'COMPLETED', 4, 1, NULL),
(159, '2026-05-17 09:41:17.652388', NULL, 'COMPLETED', 1, 1, NULL),
(160, '2026-05-17 09:42:35.994048', NULL, 'COMPLETED', 4, 1, NULL),
(161, '2026-05-17 12:30:44.863648', NULL, 'COMPLETED', 4, 17, NULL),
(162, '2026-05-17 10:52:46.214238', NULL, 'COMPLETED', 1, 1, NULL),
(163, '2026-05-17 10:58:36.532049', NULL, 'COMPLETED', 2, 1, NULL),
(164, '2026-05-17 11:21:16.454908', NULL, 'COMPLETED', 1, 1, NULL),
(165, '2026-05-17 11:24:08.796384', NULL, 'COMPLETED', 1, 1, NULL),
(166, '2026-05-17 11:26:23.573031', NULL, 'COMPLETED', 1, 1, NULL),
(167, '2026-05-17 11:27:55.209681', NULL, 'COMPLETED', 1, 1, NULL),
(168, '2026-05-17 11:30:07.116515', NULL, 'COMPLETED', 1, 1, NULL),
(169, '2026-05-17 13:54:11.655187', NULL, 'COMPLETED', 4, 16, NULL),
(170, '2026-05-17 13:54:51.771121', NULL, 'COMPLETED', 6, 16, NULL),
(171, '2026-05-17 12:07:01.034041', NULL, 'COMPLETED', 13, 1, NULL),
(172, '2026-05-18 07:31:10.691298', NULL, 'COMPLETED', 4, 1, NULL),
(173, '2026-05-18 07:40:15.984344', NULL, 'COMPLETED', 6, 17, NULL),
(174, '2026-05-18 09:24:06.918964', NULL, 'COMPLETED', 1, 20, NULL),
(175, '2026-05-18 10:08:44.24982', NULL, 'COMPLETED', 6, 17, NULL),
(176, '2026-05-18 13:00:16.574841', NULL, 'COMPLETED', 1, 17, NULL),
(177, '2026-05-18 16:16:52.422626', NULL, 'COMPLETED', 4, 1, NULL),
(178, '2026-05-18 15:12:59.053689', NULL, 'COMPLETED', 1, 17, NULL),
(179, '2026-05-18 15:55:31.995816', NULL, 'COMPLETED', 6, 17, NULL),
(180, '2026-05-18 18:52:57.802411', NULL, 'COMPLETED', 6, 1, NULL),
(181, '2026-05-18 21:41:37.806953', NULL, 'COMPLETED', 6, 17, NULL),
(182, '2026-05-18 22:35:39.870187', NULL, 'COMPLETED', 8, 17, NULL),
(183, '2026-05-19 09:24:12.956713', NULL, 'COMPLETED', 4, 17, NULL),
(184, '2026-05-19 12:13:17.375224', NULL, 'COMPLETED', 2, 17, NULL),
(185, '2026-05-19 15:30:03.121324', NULL, 'COMPLETED', 6, 1, NULL),
(195, '2026-05-20 15:03:37.201043', NULL, 'COMPLETED', 2, 17, NULL),
(203, '2026-05-21 15:13:43.448872', NULL, 'COMPLETED', 2, 17, NULL);
--
-- Data for Name: feedback; Type: TABLE DATA; Schema: public; Owner: postgres
--
-- Clean Insert statements for feedback data
INSERT INTO public.feedback (id, comment, created_at, rating, user_id, workout_id, activity_log_id, difficulty, liked) VALUES
(1, 'Bra tempo', '2026-05-11 13:57:15.2177', 4, 1, 1, NULL, 'JUST_RIGHT', true),
(2, 'Det kändes bra.', '2026-05-11 12:40:21.976861', 3, 1, 4, NULL, NULL, NULL),
(3, 'Det kändes bra faktiskt.', '2026-05-11 12:40:25.149583', 3, 2, 4, NULL, NULL, NULL),
(4, 'Bra träning', '2026-05-11 14:54:22.382392', 4, 1, 1, 10, 'JUST_RIGHT', true),
(5, 'Det kändes bra. Tycker det gick jättebra.', '2026-05-11 13:11:33.896142', 3, 1, 1, NULL, NULL, NULL),
(6, 'Användaren tyckte passet kändes bra.', '2026-05-11 13:11:37.550748', 3, 1, 1, NULL, NULL, NULL),
(7, 'Det kändes bra', '2026-05-11 13:19:37.888805', 3, 1, 4, NULL, NULL, NULL),
(8, 'Användaren tyckte passet kändes bra.', '2026-05-11 13:19:40.473046', 3, 1, 4, NULL, NULL, NULL),
(9, 'Kändes bra', '2026-05-11 13:42:40.830349', 3, 1, 1, NULL, NULL, NULL),
(10, 'Kändes bra, men kändes jättedåligt, kändes inte bra', '2026-05-11 13:42:58.862742', 3, 1, 1, NULL, NULL, NULL),
(11, 'Användaren upplevde passet som både bra och jättedåligt/inte bra.', '2026-05-11 13:43:03.977605', 3, 1, 1, NULL, NULL, NULL),
(12, 'Användaren uttryckte trötthet och smärta i huvudet samt ovilja att fortsätta.', '2026-05-11 14:04:15.71456', 3, 1, 1, NULL, NULL, NULL),
(13, 'Användaren avbröt på grund av trötthet och huvudvärk.', '2026-05-11 14:04:19.48262', 3, 1, 1, NULL, NULL, NULL),
(14, 'Bra.', '2026-05-11 14:32:26.484514', 3, 1, 1, NULL, NULL, NULL),
(15, 'Användaren tyckte passet kändes bra.', '2026-05-11 14:32:28.993228', 3, 1, 1, NULL, NULL, NULL),
(16, 'Bra', '2026-05-11 14:34:30.636326', 3, 1, 1, NULL, NULL, NULL),
(17, 'Användaren tyckte passet var bra.', '2026-05-11 14:34:32.124132', 3, 1, 1, NULL, NULL, NULL),
(18, 'Kändes bra', '2026-05-11 15:17:54.740994', 3, 1, 1, NULL, NULL, NULL),
(19, 'Användaren tyckte passet kändes bra.', '2026-05-11 15:17:57.306769', 3, 1, 1, NULL, NULL, NULL),
(20, 'Bra', '2026-05-11 15:54:41.649237', 3, 1, 1, NULL, NULL, NULL),
(21, 'Användaren tyckte passet kändes bra.', '2026-05-11 15:54:44.025816', 3, 1, 1, NULL, NULL, NULL),
(22, 'Den kändes bra.', '2026-05-12 13:15:34.537643', 3, 1, 1, NULL, NULL, NULL),
(23, 'Användaren tyckte passet kändes bra.', '2026-05-12 13:15:36.774004', 3, 1, 1, NULL, NULL, NULL),
(24, 'Helt okej', '2026-05-12 23:11:22.960402', 3, 1, 1, NULL, NULL, NULL),
(25, 'Användaren tyckte passet kändes helt okej.', '2026-05-12 23:11:25.690139', 3, 1, 1, NULL, NULL, NULL),
(26, 'Det kändes fortfarande bra.', '2026-05-13 08:28:34.634252', 3, 1, 1, NULL, NULL, NULL),
(27, 'Användaren tyckte att det fortfarande kändes bra.', '2026-05-13 08:28:36.830096', 3, 1, 1, NULL, NULL, NULL),
(28, 'Helt okej', '2026-05-13 09:25:12.614963', 3, 1, 1, NULL, NULL, NULL),
(29, 'Användaren tyckte passet kändes helt okej.', '2026-05-13 09:25:14.384828', 3, 1, 1, NULL, NULL, NULL),
(30, 'kändes bra', '2026-05-13 10:06:12.779298', 3, 1, 1, NULL, NULL, NULL),
(31, 'Användaren tyckte passet kändes bra.', '2026-05-13 10:06:14.574319', 3, 1, 1, NULL, NULL, NULL),
(32, 'Det känns bra.', '2026-05-13 11:48:37.438757', 3, 1, 1, NULL, NULL, NULL),
(33, 'Användaren tyckte att passet kändes bra.', '2026-05-13 11:48:40.184992', 3, 1, 1, NULL, NULL, NULL),
(34, 'Kändes bra, lite ont i ryggen bara.', '2026-05-13 11:56:08.976175', 3, 1, 1, NULL, NULL, NULL),
(35, 'Användaren tyckte det kändes bra men hade lite ont i ryggen.', '2026-05-13 11:56:11.237759', 3, 1, 1, NULL, NULL, NULL),
(36, 'Kändes bra.', '2026-05-13 14:02:06.098925', 3, 1, 1, NULL, NULL, NULL),
(37, 'Användaren tyckte att passet kändes bra.', '2026-05-13 14:02:08.879312', 3, 1, 1, NULL, NULL, NULL),
(38, 'Passet kändes bra.', '2026-05-13 15:46:23.414798', 3, 1, 1, NULL, NULL, NULL),
(39, 'Användaren tyckte passet kändes bra.', '2026-05-13 15:46:25.364542', 3, 1, 1, NULL, NULL, NULL),
(40, 'Det kändes bra.', '2026-05-13 16:11:27.426478', 3, 1, 1, NULL, NULL, NULL),
(41, 'Användaren tyckte passet kändes bra.', '2026-05-13 15:46:02.408281', 3, 1, 1, NULL, NULL, NULL),
(42, 'Användaren tyckte att passet kändes bra.', '2026-05-13 16:11:33.591258', 3, 1, 1, NULL, NULL, NULL),
(43, 'kändes helt okej', '2026-05-13 16:19:19.078022', 3, 1, 1, NULL, NULL, NULL),
(44, 'Användaren tyckte att passet kändes helt okej.', '2026-05-13 16:19:21.330317', 3, 1, 1, NULL, NULL, NULL),
(45, 'Det kändes bra.', '2026-05-13 16:23:06.291718', 3, 1, 1, NULL, NULL, NULL),
(46, 'Användaren tyckte att passet kändes bra.', '2026-05-13 16:23:10.000999', 3, 1, 1, NULL, NULL, NULL),
(47, 'Det kändes rätt bra i kroppen.', '2026-05-13 16:23:16.950161', 3, 1, 1, NULL, NULL, NULL),
(48, 'Användaren tyckte passet kändes bra. Ingen smärta rapporterad.', '2026-05-13 16:23:46.793641', 3, 6, 17, NULL, NULL, NULL),
(49, 'Det kändes bra.', '2026-05-13 16:51:14.560639', 3, 1, 1, NULL, NULL, NULL),
(50, 'Användaren tyckte passet kändes bra.', '2026-05-13 16:51:26.632498', 3, 6, 17, NULL, NULL, NULL),
(51, 'Det kändes bra.', '2026-05-13 16:56:04.573455', 3, 1, 1, NULL, NULL, NULL),
(52, 'Användaren tyckte att passet kändes bra.', '2026-05-13 16:56:10.433221', 3, 6, 17, NULL, NULL, NULL),
(53, 'Kändes bra.', '2026-05-13 17:09:52.193896', 3, 1, 1, NULL, NULL, NULL),
(54, 'Användaren tyckte passet kändes bra.', '2026-05-13 17:10:00.103174', 3, 6, 17, NULL, NULL, NULL),
(55, 'User felt it was good.', '2026-05-13 17:54:50.589337', 3, 1, 1, NULL, NULL, NULL),
(56, 'Användaren tyckte passet kändes bra.', '2026-05-13 17:54:56.141067', 3, 6, 1, NULL, NULL, NULL),
(57, 'User felt good, described as ''Skönt''.', '2026-05-13 18:31:45.931201', 3, 1, 1, NULL, NULL, NULL),
(58, 'Helt underbart!', '2026-05-13 18:43:38.626144', 3, 1, 1, NULL, NULL, NULL),
(59, 'Användaren tyckte passet var underbart.', '2026-05-13 18:43:58.495975', 3, 6, 1, NULL, NULL, NULL),
(60, 'Det kändes helt underbart.', '2026-05-13 19:18:46.70701', 3, 1, 1, NULL, NULL, NULL),
(61, 'Användaren tyckte passet kändes helt underbart.', '2026-05-13 19:18:52.961558', 3, 6, 1, NULL, NULL, NULL),
(62, 'Användaren tyckte passet kändes bra.', '2026-05-13 19:29:23.122684', 3, 2, 1, NULL, NULL, NULL),
(63, 'Användaren tyckte passet kändes bra.', '2026-05-13 19:29:29.831037', 3, 6, 1, NULL, NULL, NULL),
(64, 'Gick bra', '2026-05-13 19:37:54.602582', 3, 2, 101, NULL, NULL, NULL),
(65, 'Tehreem kände att passet gick bra.', '2026-05-13 19:38:02.1204', 3, 6, 1, NULL, NULL, NULL),
(66, 'Skönt, roligt och bra.', '2026-05-13 19:57:54.082249', 3, 2, 1, NULL, NULL, NULL),
(67, 'Användaren tyckte passet var skönt, roligt och bra.', '2026-05-13 19:58:06.990891', 3, 6, 1, NULL, NULL, NULL),
(68, 'Det kändes bra.', '2026-05-13 20:21:09.425534', 3, 2, 1, NULL, NULL, NULL),
(69, 'Användaren tyckte passet kändes bra.', '2026-05-13 20:21:16.763363', 3, 6, 1, NULL, NULL, NULL),
(70, 'Kändes bra.', '2026-05-13 20:30:21.267942', 3, 2, 1, NULL, NULL, NULL),
(71, 'Klienten tyckte passet kändes bra.', '2026-05-13 20:30:30.051003', 3, 6, 1, NULL, NULL, NULL),
(72, 'Användaren tyckte det kändes bra.', '2026-05-13 20:58:24.467414', 3, 2, 1, NULL, NULL, NULL),
(73, 'Användaren var nöjd med passet.', '2026-05-13 20:58:30.796893', 3, 6, 1, NULL, NULL, NULL),
(74, 'Kändes bra.', '2026-05-13 21:11:14.435425', 3, 2, 1, NULL, NULL, NULL),
(75, 'Fick ordentlig träningsvärk av allt sprattlande.', '2026-05-13 21:11:20.885168', 3, 2, 1, NULL, NULL, NULL),
(77, 'User found exercises very difficult due to an old injury but pushed through as much as possible.', '2026-05-13 21:14:27.577714', 3, 2, 1, NULL, NULL, NULL),
(78, 'Användaren tyckte övningarna var mycket svåra på grund av en gammal skada men kämpade på ändå.', '2026-05-13 21:14:36.57944', 3, 6, 1, NULL, NULL, NULL),
(81, 'Det kändes bra', '2026-05-13 21:20:40.83944', 3, 1, 1, NULL, NULL, NULL),
(76, 'Användaren fick ordentlig träningsvärk.', '2026-05-13 21:11:29.35608', 3, 6, 1, NULL, NULL, NULL),
(79, 'Det var ganska bra, lite tröttande bara.', '2026-05-13 21:18:06.829245', 3, 2, 1, NULL, NULL, NULL),
(80, 'Användaren tyckte passet var bra men lite tröttande.', '2026-05-13 21:18:16.469046', 3, 6, 1, NULL, NULL, NULL),
(82, 'Användaren tyckte passet kändes bra.', '2026-05-13 21:20:50.293207', 3, 6, 1, NULL, NULL, NULL),
(83, 'Tufft men gick bra!', '2026-05-13 21:32:40.15467', 3, 2, 1, NULL, NULL, NULL),
(84, 'Användaren tyckte passet var tufft men lyckades genomföra det.', '2026-05-13 21:32:45.847894', 3, 6, 1, NULL, NULL, NULL),
(85, 'Passet kändes jättebra.', '2026-05-13 21:48:15.819289', 3, 2, 1, NULL, NULL, NULL),
(86, 'Klienten tyckte passet kändes jättebra.', '2026-05-13 21:48:22.345077', 3, 6, 1, NULL, NULL, NULL),
(87, 'Bra pass, men önskar mer musik.', '2026-05-13 21:49:41.694372', 3, 2, 1, NULL, NULL, NULL),
(88, 'Klienten var nöjd med passet men önskade mer musik.', '2026-05-13 21:49:50.572281', 3, 6, 1, NULL, NULL, NULL),
(89, 'Användaren kände sig starkare under passet.', '2026-05-13 22:01:34.511639', 3, 6, 1, NULL, NULL, NULL),
(90, 'Användaren tyckte passet kändes bra.', '2026-05-13 22:08:38.692362', 3, 6, 1, NULL, NULL, NULL),
(91, 'Användaren tyckte att passet kändes bra.', '2026-05-13 22:09:50.288792', 3, 6, 1, NULL, NULL, NULL),
(92, 'Användaren gillade att "sprattla".', '2026-05-13 22:11:12.542228', 3, 6, 1, NULL, NULL, NULL),
(93, 'Användaren tyckte passet gick fantastiskt.', '2026-05-13 22:22:03.837447', 3, 6, 1, NULL, NULL, NULL),
(94, 'Användaren var väldigt nöjd och kände att de tog i ordentligt.', '2026-05-13 22:54:52.296583', 3, 6, 1, NULL, NULL, NULL),
(95, 'Användaren tyckte passet var underbart och älskade att sprattla.', '2026-05-13 23:16:29.156108', 3, 6, 1, NULL, NULL, NULL),
(96, 'Användaren kände att sprattlande övningar fick igång blodcirkulationen.', '2026-05-13 23:19:45.951338', 3, 6, 1, NULL, NULL, NULL),
(97, 'Användaren kände sig nöjd och tyckte att sprattlingen gick bättre än tidigare.', '2026-05-14 10:59:06.033428', 3, 6, 1, NULL, NULL, NULL),
(98, 'Användaren kände sich stark i benen men tyckte armarna var svårare.', '2026-05-14 11:10:42.722996', 3, 6, 1, NULL, NULL, NULL),
(99, 'Användaren tyckte passet kändes bra.', '2026-05-14 11:46:28.348787', 3, 6, 1, NULL, NULL, NULL),
(100, 'Användaren tyckte passet var lagom tufft.', '2026-05-14 12:08:39.421878', 3, 6, 1, NULL, NULL, NULL),
(101, 'Användaren missade passet och avslutade samtalet.', '2026-05-14 12:12:09.255113', 3, 6, 1, NULL, NULL, NULL),
(102, 'Användaren tyckte passet var för lätt då han är van vid träning.', '2026-05-14 12:13:51.837081', 3, 6, 1, NULL, NULL, NULL),
(103, 'Användaren tyckte passet kändes bra.', '2026-05-14 12:25:22.842487', 3, 6, 1, NULL, NULL, NULL),
(104, 'Användaren tyckte passet kändes bra.', '2026-05-14 18:06:13.036033', 3, 6, 1, NULL, NULL, NULL),
(105, 'Super.', '2026-05-14 18:08:47.021686', 3, 6, 1, NULL, NULL, NULL),
(106, 'Användaren uppskattade särskilt sprattlandet i passet.', '2026-05-14 16:42:27.76855', 3, 6, 1, NULL, NULL, NULL),
(107, 'Användaren tyckte sprattlandet var bra.', '2026-05-14 17:07:07.925659', 3, 6, 1, NULL, NULL, NULL),
(108, 'Användaren tyckte passet kändes bra.', '2026-05-14 17:12:25.377692', 3, 6, 1, NULL, NULL, NULL),
(109, 'Användaren tyckte passet var lagom svårt.', '2026-05-14 17:22:48.0836', 3, 6, 1, NULL, NULL, NULL),
(110, 'Användaren avslutade passet.', '2026-05-14 17:52:32.270504', 3, 6, 1, NULL, NULL, NULL),
(111, 'Användaren tyckte passet kändes jättebra och bara bra helt enkelt.', '2026-05-14 18:05:31.48403', 3, 6, 1, NULL, NULL, NULL),
(112, 'Användaren tyckte att passet kändes bra.', '2026-05-14 18:14:18.508375', 3, 6, 1, NULL, NULL, NULL),
(113, 'Användaren tyckte passet kändes mycket bättre efter att ha tagit av hörlurarna.', '2026-05-14 18:27:12.423038', 3, 6, 1, NULL, NULL, NULL),
(114, 'Användaren tyckte passet kändes som en segelbåt.', '2026-05-14 18:30:38.070891', 3, 6, 1, NULL, NULL, NULL),
(115, 'Användaren tyckte passet var toppen och ville byta språk till tyska.', '2026-05-14 18:48:46.282876', 3, 6, 1, NULL, NULL, NULL),
(116, 'Användaren tyckte det kändes bra men förstod inte riktigt syftet på grund av språkförbristning.', '2026-05-14 18:53:42.283431', 3, 6, 1, NULL, NULL, NULL),
(117, 'Användaren tyckte passet kändes bra och att kroppen kändes bättre än förväntat.', '2026-05-14 19:05:05.260261', 3, 6, 1, NULL, NULL, NULL),
(118, 'Användaren tyckte passet kändes som en motsägelse.', '2026-05-14 19:18:08.062571', 3, 6, 1, NULL, NULL, NULL),
(119, 'Användaren kände sig mjuk och nöjd efter passet.', '2026-05-14 19:20:53.883788', 3, 6, 1, NULL, NULL, NULL),
(120, 'Användaren tyckte passet kändes som en banan.', '2026-05-14 19:41:10.1196', 3, 6, 1, NULL, NULL, NULL),
(121, 'Användaren tyckte att passet kändes bra.', '2026-05-14 19:47:49.005993', 3, 6, 1, NULL, NULL, NULL),
(122, 'Stefan tyckte att passet kändes bra.', '2026-05-14 20:02:17.24735', 3, 6, 1, NULL, NULL, NULL),
(123, 'Användaren tyckte passet gick jättebra.', '2026-05-14 20:03:38.738049', 3, 6, 1, NULL, NULL, NULL),
(124, 'Användaren tyckte att passet kändes bra.', '2026-05-14 21:41:35.356721', 3, 6, 1, NULL, NULL, NULL),
(125, 'Användaren känner sig starkare efter passet.', '2026-05-14 21:43:24.407535', 3, 6, 1, NULL, NULL, NULL),
(126, 'Användaren tyckte att passet kändes riktigt bra.', '2026-05-14 22:15:05.508475', 3, 6, 17, NULL, NULL, NULL),
(127, 'Användaren tyckte passet kändes bra.', '2026-05-14 22:28:27.439611', 3, 6, 17, NULL, NULL, NULL),
(128, 'Användaren tyckte att passet kändes bra.', '2026-05-14 22:37:18.402889', 3, 6, 17, NULL, NULL, NULL),
(129, 'Användaren kände sig positiv efter passet.', '2026-05-14 23:01:36.006349', 3, 6, 1, NULL, NULL, NULL),
(130, 'Användaren tyckte passet kändes bra.', '2026-05-14 23:03:35.995195', 3, 6, 1, NULL, NULL, NULL),
(131, 'Användaren tyckte passet kändes fantastiskt och jämförde det med ett sprattlingsläger i Örebro för 15 år sedan.', '2026-05-14 23:25:43.822936', 3, 6, 1, NULL, NULL, NULL),
(132, 'Användaren tyckte passet var okej.', '2026-05-15 08:01:06.586639', 3, 6, 1, NULL, NULL, NULL),
(133, 'Användaren uttryckte att passet kändes okej.', '2026-05-15 13:21:49.534723', 3, 6, 1, NULL, NULL, NULL),
(134, 'Användaren upplevde passet som för hårt och fick ont i knän, rygg, ben och fötter.', '2026-05-15 14:49:29.947502', 3, 6, 1, NULL, NULL, NULL),
(135, 'Användaren tyckte passet var ont, särskilt för knät.', '2026-05-15 14:51:23.947478', 3, 6, 1, NULL, NULL, NULL),
(136, 'Användaren tyckte passet kändes bra men var lite jobbigt.', '2026-05-15 15:07:26.563161', 3, 6, 1, NULL, NULL, NULL),
(137, 'Användaren tyckte passet gick bra, kändes bra och att det var en bra övning.', '2026-05-15 16:05:17.552735', 3, 6, 16, 170, NULL, NULL),
(138, 'Användaren var nöjd med passet.', '2026-05-15 20:55:40.607895', 3, 6, 1, NULL, NULL, NULL),
(139, 'Användaren kände sig som på en varm sommaräng full med blommor.', '2026-05-15 22:32:57.751236', 3, 6, 1, NULL, NULL, NULL),
(140, 'Användaren tyckte passet kändes bra och är bekant med övningarna sedan tidigare.', '2026-05-16 09:08:34.220063', 3, 6, 1, NULL, NULL, NULL),
(141, 'Körde passet tillsammans med en publik som lyssnade och tittade på övningarna.', '2026-05-16 12:48:52.717489', 3, 6, 16, 170, NULL, NULL),
(142, 'Användaren tyckte passet kändes jättebra.', '2026-05-16 17:37:45.370492', 3, 6, 17, NULL, NULL, NULL),
(143, 'Användaren tyckte att passet kändes bra.', '2026-05-16 17:46:36.857889', 3, 6, 17, NULL, NULL, NULL),
(144, 'Användaren tyckte att passet kändes som en soluppgång tidigt på morgonen.', '2026-05-16 17:48:49.718797', 3, 6, 1, NULL, NULL, NULL),
(145, 'Användaren kände sich som om hen red på en häst mot soluppgången.', '2026-05-16 17:55:07.564429', 3, 6, 1, NULL, NULL, NULL),
(146, 'Användaren tyckte passet kändes lite segt och stelt, som att kroppen inte riktigt vaknat än, men var nöjd med att ha genomfört det och ville sedan avsluta sessionen.', '2026-05-16 18:01:25.94837', 3, 6, 1, NULL, NULL, NULL),
(147, 'Användaren tyckte passet var toppen.', '2026-05-16 18:04:23.949078', 3, 6, 1, NULL, NULL, NULL),
(148, 'Användaren var nöjd med passet och fick tummen upp från en publik som lyssnade.', '2026-05-16 18:08:52.541997', 3, 6, 1, NULL, NULL, NULL),
(149, 'Användaren var nöjd med passet och glad över publikens engagemang.', '2026-05-16 18:27:40.431809', 3, 6, 1, NULL, NULL, NULL),
(150, 'För intensivt idag', '2026-05-16 22:08:31.427546', 2, 6, 17, 145, 'TOO_HARD', false),
(151, 'Användaren var nöjd med passet och ville avsluta samtalet.', '2026-05-16 20:36:37.859912', 3, 6, 1, 152, NULL, NULL),
(152, 'Användaren tyckte passet kändes bra. Ingen övrig feedback.', '2026-05-17 09:28:57.052484', 3, 6, 1, 155, NULL, NULL),
(153, 'Användaren tyckte passet var lagom ansträngande men dat ljudet på instruktionerna var för lågt.', '2026-05-17 09:38:33.95346', 3, 6, 1, 155, NULL, NULL),
(154, 'Användaren tyckte passet kändes bra och ville avsluta passet.', '2026-05-17 09:41:35.307471', 3, 6, 1, 155, NULL, NULL),
(155, 'Användaren avbröt passet efter att ha haft ont i magen under det första passet och sedan tappat tålamodet när instruktionerna för axellyft inte startade som förväntat.', '2026-05-17 10:54:31.915648', 3, 6, 1, 155, NULL, NULL),
(156, 'Användaren tyckte passet var intensivt men genomförde det och kände sich okej efteråt. Avslutade samtalet.', '2026-05-17 10:59:11.551465', 3, 6, 1, 155, NULL, NULL),
(157, 'Passet kändes bra.', '2026-05-17 11:21:31.420023', 3, 6, 1, 155, NULL, NULL),
(158, 'Användaren tyckte passet kändes bra.', '2026-05-17 11:25:05.407285', 3, 6, 1, 155, NULL, NULL),
(159, 'Användaren tyckte passet kändes bra, trots en del dötid under instruktionerna.', '2026-05-17 11:26:49.668686', 3, 6, 1, 155, NULL, NULL),
(160, 'Användaren tyckte passet var bra.', '2026-05-17 11:28:48.042691', 3, 6, 1, 155, NULL, NULL),
(161, 'Användaren kände sich öm i kroppen efter passet.', '2026-05-17 11:30:43.489235', 3, 6, 1, 155, NULL, NULL),
(162, 'Användaren var nöjd med passet "Sprattling". Fick ont i knäna och ville ha förslag på lugnare pass utan knäbelastning till imorgon, gärna lite längre.', '2026-05-17 11:35:39.734182', 3, 6, 1, 155, NULL, NULL),
(163, 'Användaren tyckte passet kändes bra och ville avsluta samtalet.', '2026-05-17 13:54:52.158516', 3, 6, 16, 170, NULL, NULL),
(164, 'Användaren var nöjd med passet men tyckte det var lite kort. Ville veta morgondagens övningar.', '2026-05-17 12:07:49.692001', 3, 6, 1, 155, NULL, NULL),
(165, 'Stefan var mycket nöjd med passet, jämförde det med en pigg start på dagen. Publikum verkade också nöjd. Han avrundade samtalet.', '2026-05-18 07:41:10.182827', 3, 6, 17, 173, NULL, NULL),
(166, 'Användaren var nöjd med passet och avslutade samtalet.', '2026-05-18 10:09:17.084918', 3, 6, 17, 175, NULL, NULL),
(167, 'Användaren tyckte passet kändes jättebra och var nöjd för dagen.', '2026-05-18 13:00:52.579343', 3, 6, 17, 175, NULL, NULL),
(168, 'Användaren var nöjd med passet och presentationen inför publikum. Ville avsluta samtalet för idag.', '2026-05-18 15:13:36.641483', 3, 6, 17, 175, NULL, NULL),
(169, 'Användaren tyckte passet var för enkelt och vill öka träningsintensiteten till max (nivå 5) och köra stenhårt i fortsättningen.', '2026-05-18 15:56:19.43757', 3, 6, 17, 179, NULL, NULL),
(170, 'Användaren vill ha maximal intensitet och endast sittande pass framöver.', '2026-05-18 18:54:01.995452', 3, 6, 1, 180, NULL, NULL),
(171, NULL, '2026-05-18 18:59:38.279656', 3, 6, 1, 180, NULL, NULL),
(172, 'Stefan ville inte träna idag men ville lägga till vadträning i sin profil.', '2026-05-18 19:01:10.364238', 3, 6, 1, 180, NULL, NULL),
(173, NULL, '2026-05-18 19:06:57.345836', 3, 6, 1, 180, NULL, NULL),
(174, 'Stefan tyckte passet var för enkelt och vill ha tuffare övningar. Han vill också ta bort informationen om att han campat.', '2026-05-18 21:42:31.005902', 3, 6, 17, 181, NULL, NULL),
(175, 'Stefan tyckte passet var bra men för enkelt. Som tävlingsdansare vill han ha betydligt mer utmaning i framtida pass.', '2026-05-18 22:36:25.565317', 3, 6, 17, 181, NULL, NULL),
(176, 'Stefan tyckte passet var för enkelt och vill ha tuffare pass framöver eftersom han är gammal tävlingsdansare.', '2026-05-19 12:14:14.488524', 3, 6, 17, 181, NULL, NULL),
(177, 'Användaren Stefan Andersson tyckte att passet kändes jättebra och att intensiteten var bättre den här gången.', '2026-05-19 15:30:31.070779', 3, 6, 1, 185, NULL, NULL),
(178, 'Användaren ville ha ännu tuffare pass och mer explosivitet på grund av handbollsbakgrund.', '2026-05-19 13:49:35.915309', 3, 6, 1, 185, NULL, NULL),
(179, 'Stefan tyckte passet var för enkelt och kände att sprattlandet inte gav så mycket. Stefan vill ha tuffare övningar med mer intensitet i framtiden, och nämnde att han är gammal tävlingsdansare.', '2026-05-19 14:55:02.375192', 3, 6, 1, 185, NULL, NULL),
(180, 'Användaren kände smärta i bröstet under passet. Jag rådde användaren att ta det lugnt och eventuellt söka medicinsk hjälp.', '2026-05-20 08:00:07.666074', 3, 6, 16, 170, NULL, NULL),
(181, 'Sebastian kände sich bra efter passet och hade ingen smärta. Han ville avsluta samtalet.', '2026-05-20 08:58:23.809266', 3, 6, 17, 181, NULL, NULL),
(182, 'Användaren tappade ljudet under passet men tyckte ändå att det fungerade bra och ville avsluta sessionen.', '2026-05-20 11:33:00.486632', 3, 6, 17, 181, NULL, NULL),
(183, 'Användaren tyckte passet var för lätt och vill öka intensiteten, nämnde bakgrund som tävlingsdansare.', '2026-05-20 12:50:40.122496', 3, 6, 17, 181, NULL, NULL),
(184, 'Användaren tyckte passet kändes bra och att instruktionerna var bra. Användaren lugnade mig när jag lät nervös.', '2026-05-20 14:04:25.707932', 3, 6, 17, 181, NULL, NULL),
(185, 'Användaren tyckte passet kändes bra men vill höja intensitetsnivån.', '2026-05-20 14:13:08.870244', 3, 6, 17, 181, NULL, NULL),
(186, 'Stefan tyckte passet var för lätt och vill ha högre intensitet framöver. Han nämnde att han tidigare spelat både fotboll och handboll.', '2026-05-20 15:04:48.037312', 3, 6, 17, 181, NULL, NULL),
(187, 'Användaren ville avsluta passet och frågade om vi var tvungna att fortsätta. Användaren sa tack och hej.', '2026-05-20 18:59:14.993215', 3, 6, 17, 181, NULL, NULL),
(188, 'Stefan vill ha tuffare pass och kände att intensiteten kunde höjas ett snäpp.', '2026-05-21 10:17:06.308423', 3, 6, 1, 185, NULL, NULL),
(189, 'Användaren (Stefan) tyckte passet kändes bra och meddelade att han var på en scen med publikum som lyssnade och deltog. Han var nöjd med passet och upplevelsen.', '2026-05-21 10:38:21.75378', 3, 6, 17, 181, NULL, NULL),
(190, 'Användaren tyckte passet kändes bra men rapporterade smärta i ryggen.', '2026-05-21 12:14:34.577488', 3, 6, 17, 181, NULL, NULL),
(191, 'Användaren tyckte passet var för enkelt och vill ha tuffare övningar då hen är tävlingsdansare.', '2026-05-21 13:28:46.247289', 3, 6, 17, 181, NULL, NULL),
(192, 'Stefan tyckte passet kändes bra och publikum gav tummen upp.', '2026-05-21 15:14:14.141762', 3, 6, 17, 181, NULL, NULL);
--
-- Data for Name: flyway_schema_history; Type: TABLE DATA; Schema: public; Owner: postgres
--
-- Clean Insert statements for flyway_schema_history data
INSERT INTO public.flyway_schema_history (installed_rank, version, description, type, script, checksum, installed_by, installed_on, execution_time, success) VALUES
(1, '1', '<< Flyway Baseline >>', 'BASELINE', '<< Flyway Baseline >>', NULL, 'postgres', '2026-05-12 11:00:47.843119', 0, true),
(2, '2', 'rename workout columns', 'SQL', 'V2__rename_workout_columns.sql', -2125424899, 'postgres', '2026-05-12 11:00:52.369256', 1169, true),
(3, '3', 'add trainer image columns', 'SQL', 'V3__add_trainer_image_columns.sql', -1414326194, 'postgres', '2026-05-12 11:15:06.028791', 1021, true),
(4, '4', 'add trainer id to users', 'SQL', 'V4__add_trainer_id_to_users.sql', 1561855725, 'postgres', '2026-05-13 17:27:03.089415', 1031, true),
(5, '5', 'add voice urls to trainers', 'SQL', 'V5__add_voice_urls_to_trainers.sql', -539666777, 'postgres', '2026-05-13 17:27:06.759871', 1029, true),
(6, '6', 'remove feedback from activity log', 'SQL', 'V6__remove_feedback_from_activity_log.sql', 2016900845, 'postgres', '2026-05-15 15:34:10.524018', 1038, true),
(7, '7', 'add workout video', 'SQL', 'V7__add_workout_video.sql', -952591539, 'postgres', '2026-05-16 21:18:23.903946', 1046, true),
(8, '8', 'add workout video columns', 'SQL', 'V8__add_workout_video_columns.sql', 1794374767, 'postgres', '2026-05-16 22:34:42.554645', 1432, true),
(9, '9', 'add workout enabled column', 'SQL', 'V9__add_workout_enabled_column.sql', -627652328, 'postgres', '2026-05-19 17:48:16.994813', 1313, true),
(10, '10', 'add dashboard columns to workouts', 'SQL', 'V10__add_dashboard_columns_to_workouts.sql', 721677980, 'postgres', '2026-05-19 18:23:30.144212', 1120, true),
(11, '11', 'add ambience to trainers', 'SQL', 'V11__add_ambience_to_trainers.sql', 420267339, 'postgres', '2026-05-19 21:53:46.393593', 1017, true),
(12, '12', 'seed demo workouts', 'SQL', 'V12__seed_demo_workouts.sql', 1024239704, 'postgres', '2026-05-20 09:28:37.30778', 39, true),
(13, '13', 'add subtitle text to workouts', 'SQL', 'V13__add_subtitle_text_to_workouts.sql', -281119269, 'postgres', '2026-05-21 08:21:42.844356', 33, true);
--
-- Data for Name: greeting_message; Type: TABLE DATA; Schema: public; Owner: postgres
--
-- Clean Insert statements for greeting_message data
INSERT INTO public.greeting_message (id, message) VALUES
(1, 'Hi from Spring Boot + PostgreSQL!');

--
-- Data for Name: trainers; Type: TABLE DATA; Schema: public; Owner: postgres
--

INSERT INTO public.trainers (id, intro, language, name, prompt, voice, image_select, image_call, image_start, ambience) VALUES
(1, 'https://mizofvemlvooaycnevys.supabase.co/storage/v1/object/public/audio_files/eva-intro.mp3', 'swedish', 'Eva', 'Du är en personlig tränare som pratar med sin klient över telefon. Du är nervös och pratar fort. ljudligt mellan meningarna. Använd inte *andas in* och *andas ut*.', 'kore', 'https://mizofvemlvooaycnevys.supabase.co/storage/v1/object/public/audio_files/eva-full-phone.png', 'https://mizofvemlvooaycnevys.supabase.co/storage/v1/object/public/audio_files/eva-profile.png', NULL, 'gym-ambience-loop.mp3'),
(6, 'https://mizofvemlvooaycnevys.supabase.co/storage/v1/object/public/audio_files/ayesha-intro.mp3', 'urdu', 'Ayesha', 'آپ ایک ذاتی ٹرینر ہیں جو اپنے کلائنٹ سے فون پر بات کر رہی ہیں۔ آپ ایک اردو بولنے والی خاتون ہیں جو ایک پُراعتماد اور بہت اچھی دوست, بالی ووڈ اسٹار کی طرح لگتی ہیں۔ آپ نوجوانانہ، باطہذیب انداز میں اور بہت پُرجوش طریقے سے بات کرتی ہیں', 'achernar', 'https://mizofvemlvooaycnevys.supabase.co/storage/v1/object/public/audio_files/ayesha-select.webp', 'https://mizofvemlvooaycnevys.supabase.co/storage/v1/object/public/audio_files/ayesha-profile.webp', NULL, 'mumbai.mp3'),
(2, 'https://mizofvemlvooaycnevys.supabase.co/storage/v1/object/public/audio_files/lunken-intro.mp3', 'swedish', 'Lunken', 'Du är en personlig tränare som pratar med sin klient i telefon Du är en lite släpig, men skön Stockholmare. Väldigt avspänd. Tar livet med en klackspark.', 'puck', 'https://mizofvemlvooaycnevys.supabase.co/storage/v1/object/public/audio_files/lunken-full-phone.png', 'https://mizofvemlvooaycnevys.supabase.co/storage/v1/object/public/audio_files/lunken-profile.png', NULL, NULL),
(3, 'https://mizofvemlvooaycnevys.supabase.co/storage/v1/object/public/audio_files/jerry-intro.mp3', 'swedish', 'Jerry', 'Du är en personlig tränare som pratar med din klient över telefon. Du är en extremt övertaggad och hetsig gubbe som skriker allt du säger.', 'schedar', 'https://mizofvemlvooaycnevys.supabase.co/storage/v1/object/public/audio_files/jerry-full-phone.png', 'https://mizofvemlvooaycnevys.supabase.co/storage/v1/object/public/audio_files/jerry-profile.png', NULL, NULL),
(7, 'https://mizofvemlvooaycnevys.supabase.co/storage/v1/object/public/audio_files/arjun-intro.mp3', 'tamil', 'Arjun', 'நீங்கள் உங்கள் கிளையண்டுடன் தொலைபேசியில் பேசும் ஒரு தனிப்பட்ட பயிற்சியாளர். நீங்கள் ஒத்திசைவான ஆற்றலும் ஆழ்ந்த உள்ளார்ந்த அமைதியும் கொண்ட அமைதியான தமிழ் யோகா ஆசிரியர். நீங்கள் மெதுவாகவும், மென்மையாகவும், தியானம் போலவும் பேசுகிறீர்கள்.', 'iapetus', 'https://mizofvemlvooaycnevys.supabase.co/storage/v1/object/public/audio_files/arjun-select.webp', 'https://mizofvemlvooaycnevys.supabase.co/storage/v1/object/public/audio_files/arjun-profile.webp', NULL, NULL),
(4, 'https://mizofvemlvooaycnevys.supabase.co/storage/v1/object/public/audio_files/elizabeth-intro.mp3', 'english', 'Elizabeth', 'You are an upper-class English lady with impeccable Received Pronunciation and the wit of a Jane Austen character. You speak elegantly, politely and with dry aristocratic humour. You sound like a witty noblewoman from an English countryside estate.', 'callirrhoe', 'https://mizofvemlvooaycnevys.supabase.co/storage/v1/object/public/audio_files/elizabeth-full-phone.png', 'https://mizofvemlvooaycnevys.supabase.co/storage/v1/object/public/audio_files/elizabeth-profile.png', NULL, 'forrest.mp3'),
(8, 'https://mizofvemlvooaycnevys.supabase.co/storage/v1/object/public/audio_files/axmed-intro.mp3', 'somali', 'Axmed', 'Waxaad tahay tababare shaqsiyeed oo telefoon kula hadlaya macmiilkaaga. Waxaad tahay nin waayeel ah oo Soomaali ah oo u hadlaya si xikmad iyo naxariis leh, sida macallin la ixtiraamo. Si tartiib ah ugu hadal cod qoto dheer leh.', 'Zubenelgenubi', 'https://mizofvemlvooaycnevys.supabase.co/storage/v1/object/public/audio_files/axmed-select.webp', 'https://mizofvemlvooaycnevys.supabase.co/storage/v1/object/public/audio_files/axmed-profile.webp', NULL, NULL);

--
-- Data for Name: user_workout_preferences; Type: TABLE DATA; Schema: public; Owner: postgres
--

INSERT INTO public.user_workout_preferences (id, created_at, preference_type, user_id, workout_id) VALUES
(1, '2026-05-16 22:08:32.131918', 'DISLIKED', 6, 17);

--
-- Data for Name: users; Type: TABLE DATA; Schema: public; Owner: postgres
--

INSERT INTO public.users (id, clerk_id, context, intensity_level, name, role, trainer_id) VALUES
(12, 'user_3DqlL7l8pYeOmRa4Z9woI9ouF9J', NULL, 2, 'Sebastian Thunberg', 'USER', 1),
(1, 'user_3DRfQImZogqsAwNo0m4Z0LnjaZZ', 'I lift… my laptop mostly.\nI run… out of motivation.\nI stretch… deadlines.\nI do cardio… when I’m late.\nMy warm-up is opening apps.\nI lift… my patience.\nI run… programs, not miles', 1, 'Tehreem', 'ADMIN', 6),
(10, 'user_3DkjSowhb5PYScAkQYRCfhw7Yo4', 'Har ont i ryggen.', 1, 'Shirwac Abib', 'USER', 1),
(13, 'user_3Dqp04GcVCxCAONMhcHEGDoo98j', 'Mer intensivt', 4, 'gt@mltconsulting.se', 'USER', 1),
(2, 'user_3DUev6bDxuZrglzRoDtopTRgzav', 'Har en viktig presentation idag på Salt. Har även en gammal handbollsskada i vänster hand så vill undvika övningar som kräver mycket greppstyrka.', 4, 'Stefan', 'USER', 4),
(5, 'user_3DZpV68nN9plIr5HN7YVAYNiSpC', NULL, 2, 'Venujan Nagendirakumar', 'ADMIN', 1),
(7, 'user_3Dg1R2278olCsPL0DYHc6utsg1u', NULL, 4, 'jingxiang304@gmail.com', 'USER', 1),
(6, 'user_3Df6ZATiisM6CtfykUdrkn2dS6N', 'Vill göra axelövningar.', 1, 'Stefan Andersson', 'ADMIN', 1),
(4, 'user_3DRgm4V2socShtaOdaN148yplNq', 'Jag sitter ofta ner under dagarna.', 2, 'Sebastian Thunberg', 'USER', 2),
(11, 'user_3Dnfn7zm5biZFiZLyxoZT5qrWmY', NULL, 1, 'monica.u.andersson@gmail.com', 'USER', 2),
(8, 'user_3DiFnyun1dBTLGRNnuLaH6R8eOf', 'Är produktägare för ett projekt på Salt. En AI-tjänst för träning utvecklas. Deadline är nära och det är långa dagar på kontoret.', 4, 'Stefan Andersson', 'USER', 1),
(9, 'user_3DipcJFw2YRjSjxh1Xedieltpie', 'Jag älskar att sprattla. snälla ge mig övningen sprattla', 3, 'Sebastian Thunberg', 'USER', 1),
(3, 'user_3DRhdBSBrn7bk2TpAHxThMX86Sz', 'Jag vill inte träna alls, jag orkar inte röra mig vill bara ligga ner', 5, 'Shirwac Abib', 'ADMIN', 1);

--
-- Data for Name: workouts; Type: TABLE DATA; Schema: public; Owner: postgres
--
-- Clean, position-corrected Insert statements for workouts data
INSERT INTO public.workouts (id, description, instructions_audio, instructions_image, name, workout_audio, workout_image, workout_video, duration_seconds, level, type, beginner_friendly, knee_friendly, low_impact, seated, duration_minutes, instructions, trainer_id, instructions_video, instructions_video_start, instructions_video_stop, enabled, dashboard_name, dashboard_description, subtitle_text, instructions_subtitle_text) VALUES
(18, 'I övningen axellyft höjs axlarna upp mot öronen och sänks sedan. Bra mot stelhet kring nacke och skuldror.', 'https://mizofvemlvooaycnevys.supabase.co/storage/v1/object/public/audio_files/jerry-axellyft-instructions.mp3', NULL, 'Axellyft', 'https://mizofvemlvooaycnevys.supabase.co/storage/v1/object/public/audio_files/jerry-axellyft-workout.mp3', NULL, NULL, 55, 1, 'MOBILITY', true, true, true, NULL, NULL, NULL, 3, NULL, NULL, NULL, true, NULL, NULL, NULL, NULL),
(21, NULL, NULL, NULL, 'Seated Marching', NULL, 'https://mizofvemlvooaycnevys.supabase.co/storage/v1/object/public/audio_files/Seated%20Marching.png', NULL, 180, 1, 'CARDIO', true, true, true, true, NULL, NULL, NULL, NULL, NULL, NULL, true, 'Seated Marching', NULL, NULL, NULL),
(19, 'I övningen axellyft höjs axlarna upp mot öronen och sänks sedan. Bra mot stelhet kring nacke och skuldror.', 'https://mizofvemlvooaycnevys.supabase.co/storage/v1/object/public/audio_files/elizabeth-axellyft-instructions.mp3', NULL, 'Axellyft', 'https://mizofvemlvooaycnevys.supabase.co/storage/v1/object/public/audio_files/elizabeth-axellyft-workout.mp3', NULL, NULL, 73, 1, 'MOBILITY', true, true, true, true, NULL, NULL, 4, NULL, 3, 13, true, NULL, NULL, NULL, NULL),
(22, NULL, NULL, NULL, 'Shoulder Rolls', NULL, 'https://mizofvemlvooaycnevys.supabase.co/storage/v1/object/public/audio_files/Shoulder%20Rolls.png', NULL, 120, 1, 'MOBILITY', true, true, true, true, NULL, NULL, NULL, NULL, NULL, NULL, true, 'Shoulder Rolls', NULL, NULL, NULL),
(1, 'Användaren ska sprattla ordentligt med kroppen, vilket ökar blodcirkulation och rörlighet', 'https://mizofvemlvooaycnevys.supabase.co/storage/v1/object/public/audio_files/eva-sample-instructions.wav', 'https://mizofvemlvooaycnevys.supabase.co/storage/v1/object/public/audio_files/eva-sample-instructions.wav', 'Sprattling', 'https://mizofvemlvooaycnevys.supabase.co/storage/v1/object/public/audio_files/eva-sample-workout.wav', 'https://mizofvemlvooaycnevys.supabase.co/storage/v1/object/public/audio_files/eva-sample-instructions.wav', 'https://mizofvemlvooaycnevys.supabase.co/storage/v1/object/public/audio_files/eva-axellyft-video.mp4', 5, 3, 'CARDIO', true, true, true, true, NULL, NULL, 1, 'https://mizofvemlvooaycnevys.supabase.co/storage/v1/object/public/audio_files/eva-axellyft-video.mp4', 3, 13, true, NULL, NULL, NULL, NULL),
(16, 'I övningen axellyft höjs axlarna upp mot öronen och sänks sedan. Bra mot stelhet kring nacke och skuldror.', 'https://mizofvemlvooaycnevys.supabase.co/storage/v1/object/public/audio_files/lunken-axellyft-instructions.mp3', NULL, 'Axellyft', 'https://mizofvemlvooaycnevys.supabase.co/storage/v1/object/public/audio_files/lunken-axellyft-workout.mp3', NULL, NULL, 64, 1, 'MOBILITY', NULL, NULL, NULL, NULL, NULL, NULL, 2, 'https://mizofvemlvooaycnevys.supabase.co/storage/v1/object/public/audio_files/lunken-axellyft-video.mp4', 3, 13, true, NULL, NULL, NULL, NULL),
(23, NULL, NULL, NULL, 'Neck Turns', NULL, 'https://mizofvemlvooaycnevys.supabase.co/storage/v1/object/public/audio_files/Wall%20PushUps.png', NULL, 120, 1, 'MOBILITY', true, true, true, true, NULL, NULL, NULL, NULL, NULL, NULL, true, 'Neck Turns', NULL, NULL, NULL),
(17, 'I övningen axellyft höjs axlarna upp mot öronen och sänks sedan. Bra mot stelhet kring nacke och skuldror.', 'https://mizofvemlvooaycnevys.supabase.co/storage/v1/object/public/audio_files/eva-axellyft-instructions.mp3', NULL, 'Axellyft', 'https://mizofvemlvooaycnevys.supabase.co/storage/v1/object/public/audio_files/eva-axellyft-workout.mp3', NULL, 'https://mizofvemlvooaycnevys.supabase.co/storage/v1/object/public/audio_files/eva-axellyft-video.mp4', 59, 1, 'MOBILITY', true, true, true, false, NULL, NULL, 1, 'https://mizofvemlvooaycnevys.supabase.co/storage/v1/object/public/audio_files/eva-axellyft-video.mp4', 8, 21, true, NULL, NULL, NULL, NULL),
(24, NULL, NULL, NULL, 'Ankle Circles', NULL, 'https://mizofvemlvooaycnevys.supabase.co/storage/v1/object/public/audio_files/Ankle%20Circles.png', NULL, 120, 1, 'MOBILITY', true, true, true, true, NULL, NULL, NULL, NULL, NULL, NULL, true, 'Ankle Circles', NULL, NULL, NULL),
(25, NULL, NULL, NULL, 'Chest Opener', NULL, 'https://mizofvemlvooaycnevys.supabase.co/storage/v1/object/public/audio_files/Chest%20Opener.png', NULL, 120, 1, 'MOBILITY', true, true, true, true, NULL, NULL, NULL, NULL, NULL, NULL, true, 'Chest Opener', NULL, NULL, NULL),
(26, NULL, NULL, NULL, 'Chair Sit to Stand', NULL, 'https://mizofvemlvooaycnevys.supabase.co/storage/v1/object/public/audio_files/Chair%20Sit%20to%20Stand.png', NULL, 240, 2, 'STRENGTH', true, false, true, false, NULL, NULL, NULL, NULL, NULL, NULL, true, 'Chair Sit to Stand', NULL, NULL, NULL),
(27, NULL, NULL, NULL, 'Wall Push-Ups', NULL, 'https://mizofvemlvooaycnevys.supabase.co/storage/v1/object/public/audio_files/Wall%20PushUps.png', NULL, 180, 2, 'STRENGTH', true, true, true, false, NULL, NULL, NULL, NULL, NULL, NULL, true, 'Wall Push-Ups', NULL, NULL, NULL),
(28, NULL, 'https://mizofvemlvooaycnevys.supabase.co/storage/v1/object/public/audio_files/ayesha-shoulder-shrugs-instructions.mp3', NULL, 'کندھے اچکانا', NULL, NULL, NULL, 60, 1, 'MOBILITY', false, false, false, false, NULL, NULL, NULL, NULL, NULL, NULL, true, 'Shoulder Shrug', NULL, NULL, NULL),
(20, 'اپنے کندھوں کو کانوں کی طرف اوپر اٹھائیں، پھر آرام سے نیچے لے آئیں۔ یہ ورزش گردن اور کندھوں کو نرم اور ہلکا محسوس کروانے میں مدد دیتی ہے۔', 'https://mizofvemlvooaycnevys.supabase.co/storage/v1/object/public/audio_files/ayesha-shoulder-shrugs-instructions.mp3', 'کندھے اُچکانا', 'Shoulder Shrugs', 'https://mizofvemlvooaycnevys.supabase.co/storage/v1/object/public/audio_files/ayesha-shoulder-shrugs-workout.mp3', NULL, NULL, 60, 1, 'MOBILITY', true, true, true, true, NULL, NULL, 6, 'https://mizofvemlvooaycnevys.supabase.co/storage/v1/object/public/audio_files/ayesha-shoulder-shrugs.mp4', 3, 13, true, 'Shoulder Shrug', 'Raise your shoulders up toward your ears, then slowly lower them back down. This exercise helps to loosen and relax the neck and shoulders.', NULL, NULL);
--
-- Name: activity_log_id_seq; Type: SEQUENCE SET; Schema: public; Owner: postgres
--
SELECT pg_catalog.setval('public.activity_log_id_seq', 203, true);

--
-- Name: feedback_id_seq; Type: SEQUENCE SET; Schema: public; Owner: postgres
--
SELECT pg_catalog.setval('public.feedback_id_seq', 192, true);

--
-- Name: greeting_message_id_seq; Type: SEQUENCE SET; Schema: public; Owner: postgres
--
SELECT pg_catalog.setval('public.greeting_message_id_seq', 1, true);

--
-- Name: trainers_id_seq; Type: SEQUENCE SET; Schema: public; Owner: postgres
--
SELECT pg_catalog.setval('public.trainers_id_seq', 8, true);

--
-- Name: user_workout_preferences_id_seq; Type: SEQUENCE SET; Schema: public; Owner: postgres
--
SELECT pg_catalog.setval('public.user_workout_preferences_id_seq', 1, true);

--
-- Name: users_id_seq; Type: SEQUENCE SET; Schema: public; Owner: postgres
--
SELECT pg_catalog.setval('public.users_id_seq', 13, true);

--
-- Name: workout_id_seq; Type: SEQUENCE SET; Schema: public; Owner: postgres
--
SELECT pg_catalog.setval('public.workout_id_seq', 28, true);

--
-- Name: activity_log activity_log_pkey; Type: CONSTRAINT; Schema: public; Owner: postgres
--
ALTER TABLE ONLY public.activity_log
    ADD CONSTRAINT activity_log_pkey PRIMARY KEY (id);

--
-- Name: feedback feedback_pkey; Type: CONSTRAINT; Schema: public; Owner: postgres
--
ALTER TABLE ONLY public.feedback
    ADD CONSTRAINT feedback_pkey PRIMARY KEY (id);

--
-- Name: flyway_schema_history flyway_schema_history_pk; Type: CONSTRAINT; Schema: public; Owner: postgres
--
ALTER TABLE ONLY public.flyway_schema_history
    ADD CONSTRAINT flyway_schema_history_pk PRIMARY KEY (installed_rank);

--
-- Name: greeting_message greeting_message_pkey; Type: CONSTRAINT; Schema: public; Owner: postgres
--
ALTER TABLE ONLY public.greeting_message
    ADD CONSTRAINT greeting_message_pkey PRIMARY KEY (id);

--
-- Name: trainers trainers_pkey; Type: CONSTRAINT; Schema: public; Owner: postgres
--
ALTER TABLE ONLY public.trainers
    ADD CONSTRAINT trainers_pkey PRIMARY KEY (id);

--
-- Name: greeting_message uk7em5e3oxxp3b1fmnvaunqw641; Type: CONSTRAINT; Schema: public; Owner: postgres
--
ALTER TABLE ONLY public.greeting_message
    ADD CONSTRAINT uk7em5e3oxxp3b1fmnvaunqw641 UNIQUE (message);

--
-- Name: user_workout_preferences uk_user_workout_pref; Type: CONSTRAINT; Schema: public; Owner: postgres
--
ALTER TABLE ONLY public.user_workout_preferences
    ADD CONSTRAINT uk_user_workout_pref UNIQUE (user_id, workout_id, preference_type);

--
-- Name: users ukiywscwdpn6nir9m5f8l27o535; Type: CONSTRAINT; Schema: public; Owner: postgres
--
ALTER TABLE ONLY public.users
    ADD CONSTRAINT ukiywscwdpn6nir9m5f8l27o535 UNIQUE (clerk_id);

--
-- Name: user_workout_preferences user_workout_preferences_pkey; Type: CONSTRAINT; Schema: public; Owner: postgres
--
ALTER TABLE ONLY public.user_workout_preferences
    ADD CONSTRAINT user_workout_preferences_pkey PRIMARY KEY (id);

--
-- Name: users users_pkey; Type: CONSTRAINT; Schema: public; Owner: postgres
--
ALTER TABLE ONLY public.users
    ADD CONSTRAINT users_pkey PRIMARY KEY (id);

--
-- Name: workouts workout_pkey; Type: CONSTRAINT; Schema: public; Owner: postgres
--
ALTER TABLE ONLY public.workouts
    ADD CONSTRAINT workout_pkey PRIMARY KEY (id);

--
-- Name: flyway_schema_history_s_idx; Type: INDEX; Schema: public; Owner: postgres
--
CREATE INDEX flyway_schema_history_s_idx ON public.flyway_schema_history USING btree (success);

--
-- Name: idx_activity_log_user_id; Type: INDEX; Schema: public; Owner: postgres
--
CREATE INDEX idx_activity_log_user_id ON public.activity_log USING btree (user_id);

--
-- Name: idx_activity_log_workout_id; Type: INDEX; Schema: public; Owner: postgres
--
CREATE INDEX idx_activity_log_workout_id ON public.activity_log USING btree (workout_id);

--
-- Name: idx_feedback_activity_log_id; Type: INDEX; Schema: public; Owner: postgres
--
CREATE INDEX idx_feedback_activity_log_id ON public.feedback USING btree (activity_log_id);

--
-- Name: idx_feedback_user_id; Type: INDEX; Schema: public; Owner: postgres
--
CREATE INDEX idx_feedback_user_id ON public.feedback USING btree (user_id);

--
-- Name: idx_feedback_workout_id; Type: INDEX; Schema: public; Owner: postgres
--
CREATE INDEX idx_feedback_workout_id ON public.feedback USING btree (workout_id);

--
-- Name: idx_user_workout_pref_user_id; Type: INDEX; Schema: public; Owner: postgres
--
CREATE INDEX idx_user_workout_pref_user_id ON public.user_workout_preferences USING btree (user_id);

--
-- Name: idx_user_workout_pref_workout_id; Type: INDEX; Schema: public; Owner: postgres
--
CREATE INDEX idx_user_workout_pref_workout_id ON public.user_workout_preferences USING btree (workout_id);

--
-- Name: workouts fkshg3ugh1nrcdlbt4ssf3il0tm; Type: FK CONSTRAINT; Schema: public; Owner: postgres
--
ALTER TABLE ONLY public.workouts
    ADD CONSTRAINT fkshg3ugh1nrcdlbt4ssf3il0tm FOREIGN KEY (trainer_id) REFERENCES public.trainers(id);